filename,act_name,section_number,title,word_count
crpc_section_1.txt,"Code of Criminal Procedure, 1898",1,Short title,5
crpc_section_2.txt,"Code of Criminal Procedure, 1898",2,[Repealed,2
crpc_section_3.txt,"Code of Criminal Procedure, 1898",3,References to Code of Criminal Procedure and other repealed enactments,15
crpc_section_4.txt,"Code of Criminal Procedure, 1898",4,Definitions,16
crpc_section_5.txt,"Code of Criminal Procedure, 1898",5,Trial of offences under Penal Code,37
crpc_section_6.txt,"Code of Criminal Procedure, 1898",6,Classes of Criminal Courts,7
crpc_section_7.txt,"Code of Criminal Procedure, 1898",7,Sessions divisions and districts,18
crpc_section_8.txt,"Code of Criminal Procedure, 1898",8,Power to divide districts into sub­divisions,13
crpc_section_9.txt,"Code of Criminal Procedure, 1898",9,Court of Session,4
crpc_section_10.txt,"Code of Criminal Procedure, 1898",10,District Magistrate,3
crpc_section_11.txt,"Code of Criminal Procedure, 1898",11,Officers temporarily succeeding to vacancies in office of District Magistrate,11
crpc_section_12.txt,"Code of Criminal Procedure, 1898",12,Subordinate Magistrates,8
crpc_section_13.txt,"Code of Criminal Procedure, 1898",13,Power to put Magistrate in charge of sub­division,22
crpc_section_15.txt,"Code of Criminal Procedure, 1898",15,Benches of Magistrates,13
crpc_section_16.txt,"Code of Criminal Procedure, 1898",16,Power to frame rules for guidance of Benches,9
crpc_section_17.txt,"Code of Criminal Procedure, 1898",17,Subordination of Magistrates and Benches to District Magistrate; to sub­,31
crpc_section_22.txt,"Code of Criminal Procedure, 1898",22,Appointment of Justices of the peace,7
crpc_section_22A.txt,"Code of Criminal Procedure, 1898",22A,Powers of Justices of the peace,7
crpc_section_22B.txt,"Code of Criminal Procedure, 1898",22B,Duties of Justices of the peace,9
crpc_section_25.txt,"Code of Criminal Procedure, 1898",25,Ex­officio Justices of the peace,23
crpc_section_28.txt,"Code of Criminal Procedure, 1898",28,Offences under Penal Code,5
crpc_section_29.txt,"Code of Criminal Procedure, 1898",29,Offences under other laws,5
crpc_section_29A.txt,"Code of Criminal Procedure, 1898",29A,[Omitted,2
crpc_section_29B.txt,"Code of Criminal Procedure, 1898",29B,Jurisdiction in the case of Juveniles,7
crpc_section_30.txt,"Code of Criminal Procedure, 1898",30,Offences not punishable with death,16
crpc_section_31.txt,"Code of Criminal Procedure, 1898",31,Sentences which High Courts and Sessions Judges may pass,10
crpc_section_32.txt,"Code of Criminal Procedure, 1898",32,Sentences which Magistrates may pass,6
crpc_section_33.txt,"Code of Criminal Procedure, 1898",33,Power of Magistrates to sentence to imprisonment in default of fine,17
crpc_section_34.txt,"Code of Criminal Procedure, 1898",34,Higher powers of certain District Magistrates,7
crpc_section_34A.txt,"Code of Criminal Procedure, 1898",34A,[Omitted,2
crpc_section_35.txt,"Code of Criminal Procedure, 1898",35,Sentence in case of conviction of several offences at one trial,20
crpc_section_36.txt,"Code of Criminal Procedure, 1898",36,Ordinary powers of Magistrates,5
crpc_section_37.txt,"Code of Criminal Procedure, 1898",37,Additional powers conferrable on Magistrates,6
crpc_section_38.txt,"Code of Criminal Procedure, 1898",38,Control of District Magistrates investing power,13
crpc_section_39.txt,"Code of Criminal Procedure, 1898",39,Mode of conferring powers,5
crpc_section_40.txt,"Code of Criminal Procedure, 1898",40,Powers of officers appointed,5
crpc_section_41.txt,"Code of Criminal Procedure, 1898",41,Powers may be cancelled,36
crpc_section_43.txt,"Code of Criminal Procedure, 1898",43,"Aid to person, other than police­officer, executing warrant",9
crpc_section_44.txt,"Code of Criminal Procedure, 1898",44,Public to give information of certain offences,8
crpc_section_45.txt,"Code of Criminal Procedure, 1898",45,"Village­headmen, accountants, landholders and others bound to report certain",37
crpc_section_46.txt,"Code of Criminal Procedure, 1898",46,Arrest how made,8
crpc_section_47.txt,"Code of Criminal Procedure, 1898",47,Search of place entered by person sought to be arrested,11
crpc_section_48.txt,"Code of Criminal Procedure, 1898",48,Procedure where ingress not obtainable,9
crpc_section_49.txt,"Code of Criminal Procedure, 1898",49,Power to break open doors and windows for purposes of liberation,12
crpc_section_50.txt,"Code of Criminal Procedure, 1898",50,No unnecessary restraint,4
crpc_section_51.txt,"Code of Criminal Procedure, 1898",51,Search of arrested persons,5
crpc_section_52.txt,"Code of Criminal Procedure, 1898",52,Mode of searching women,5
crpc_section_53.txt,"Code of Criminal Procedure, 1898",53,Power to seize offensive weapons,6
crpc_section_53A.txt,"Code of Criminal Procedure, 1898",53A,"Examination of person accused of rape, etc",14
crpc_section_54.txt,"Code of Criminal Procedure, 1898",54,When police may arrest without warrant,7
crpc_section_55.txt,"Code of Criminal Procedure, 1898",55,"Arrest of vagabonds, habitual robbers, etc",7
crpc_section_56.txt,"Code of Criminal Procedure, 1898",56,Procedure when police­officer deputes subordinate to arrest without warrant,10
crpc_section_57.txt,"Code of Criminal Procedure, 1898",57,Refusal to give name and residence,7
crpc_section_58.txt,"Code of Criminal Procedure, 1898",58,Pursuit of offenders into other jurisdictions,7
crpc_section_59.txt,"Code of Criminal Procedure, 1898",59,Arrest by private persons and procedure on such arrest,10
crpc_section_60.txt,"Code of Criminal Procedure, 1898",60,Person arrested to be taken before Magistrate or officer in charge of police­,15
crpc_section_61.txt,"Code of Criminal Procedure, 1898",61,Person arrested not to be detained more than twenty­four hours,11
crpc_section_62.txt,"Code of Criminal Procedure, 1898",62,Police to report apprehensions,5
crpc_section_63.txt,"Code of Criminal Procedure, 1898",63,Discharge of person apprehended,5
crpc_section_64.txt,"Code of Criminal Procedure, 1898",64,Offence committed in Magistrate's presence,6
crpc_section_65.txt,"Code of Criminal Procedure, 1898",65,Arrest by or in presence of Magistrate,8
crpc_section_66.txt,"Code of Criminal Procedure, 1898",66,"Power, on escape, to pursue and retake",8
crpc_section_67.txt,"Code of Criminal Procedure, 1898",67,"Provisions of sections 47, 48 and 49 to apply to arrests under section 66",23
crpc_section_68.txt,"Code of Criminal Procedure, 1898",68,Form of summons,8
crpc_section_69.txt,"Code of Criminal Procedure, 1898",69,Summons how served,9
crpc_section_70.txt,"Code of Criminal Procedure, 1898",70,Service when person summoned cannot be found,8
crpc_section_71.txt,"Code of Criminal Procedure, 1898",71,Procedure when service cannot be effected as before provided,10
crpc_section_72.txt,"Code of Criminal Procedure, 1898",72,"Service on servant of State, statutory body or a Company",11
crpc_section_73.txt,"Code of Criminal Procedure, 1898",73,Service of summons outside local limits,27
crpc_section_75.txt,"Code of Criminal Procedure, 1898",75,Form of warrant of arrest,11
crpc_section_76.txt,"Code of Criminal Procedure, 1898",76,Court may direct security to be taken,12
crpc_section_77.txt,"Code of Criminal Procedure, 1898",77,Warrants to whom directed,9
crpc_section_78.txt,"Code of Criminal Procedure, 1898",78,"Warrant may be directed to landholders, etc",8
crpc_section_79.txt,"Code of Criminal Procedure, 1898",79,Warrant directed to police­officer,5
crpc_section_80.txt,"Code of Criminal Procedure, 1898",80,Notification of substance of warrant,6
crpc_section_81.txt,"Code of Criminal Procedure, 1898",81,Person arrested to be brought before Court without delay,10
crpc_section_82.txt,"Code of Criminal Procedure, 1898",82,Where warrant may be executed,6
crpc_section_83.txt,"Code of Criminal Procedure, 1898",83,Warrant forwarded for execution outside jurisdiction,7
crpc_section_84.txt,"Code of Criminal Procedure, 1898",84,Warrant directed to police­officer for execution outside jurisdiction,9
crpc_section_85.txt,"Code of Criminal Procedure, 1898",85,Procedure on arrest of person against whom warrant issued,10
crpc_section_86.txt,"Code of Criminal Procedure, 1898",86,Procedure by Magistrate before whom person arrested is brought,10
crpc_section_86A.txt,"Code of Criminal Procedure, 1898",86A,Procedure for removal in custody to Tribal Areas,12
crpc_section_87.txt,"Code of Criminal Procedure, 1898",87,Proclamation for person absconding,5
crpc_section_88.txt,"Code of Criminal Procedure, 1898",88,Attachment of property of person absconding,7
crpc_section_89.txt,"Code of Criminal Procedure, 1898",89,Restoration of attached property,9
crpc_section_90.txt,"Code of Criminal Procedure, 1898",90,"Issue of warrant in lieu of, or in addition to, summons",12
crpc_section_91.txt,"Code of Criminal Procedure, 1898",91,Power to take bond for appearance,7
crpc_section_92.txt,"Code of Criminal Procedure, 1898",92,Arrest on breach of bond for appearance,8
crpc_section_93.txt,"Code of Criminal Procedure, 1898",93,Provisions of this Chapter generally applicable to summons and warrants of,36
crpc_section_93A.txt,"Code of Criminal Procedure, 1898",93A,Sending of summons for service outside Pakistan,8
crpc_section_93B.txt,"Code of Criminal Procedure, 1898",93B,Sending of warrants for execution outside Pakistan,8
crpc_section_93C.txt,"Code of Criminal Procedure, 1898",93C,Service and execution in Pakistan of processes received from outside Pakistan,37
crpc_section_94.txt,"Code of Criminal Procedure, 1898",94,Summons to produce document or other thing,8
crpc_section_95.txt,"Code of Criminal Procedure, 1898",95,Procedure as to letters and telegrams,9
crpc_section_96.txt,"Code of Criminal Procedure, 1898",96,When search­warrant may be issued,6
crpc_section_97.txt,"Code of Criminal Procedure, 1898",97,Power to restrict warrant,5
crpc_section_98.txt,"Code of Criminal Procedure, 1898",98,"Search of house suspected to contain stolen property, forged documents, etc",12
crpc_section_99.txt,"Code of Criminal Procedure, 1898",99,Disposal of things found in search beyond jurisdiction,9
crpc_section_99A.txt,"Code of Criminal Procedure, 1898",99A,Power to declare certain publications forfeited and to issue search­warrants for,29
crpc_section_99C.txt,"Code of Criminal Procedure, 1898",99C,[Omitted,2
crpc_section_99D.txt,"Code of Criminal Procedure, 1898",99D,Order of High Court setting aside forfeiture,8
crpc_section_99E.txt,"Code of Criminal Procedure, 1898",99E,Evidence to prove nature or tendency of newspapers,9
crpc_section_99F.txt,"Code of Criminal Procedure, 1898",99F,Procedure in High Court,5
crpc_section_99G.txt,"Code of Criminal Procedure, 1898",99G,Jurisdiction barred,8
crpc_section_100.txt,"Code of Criminal Procedure, 1898",100,Search for persons wrongfully confined,11
crpc_section_101.txt,"Code of Criminal Procedure, 1898",101,"Direction, etc",5
crpc_section_102.txt,"Code of Criminal Procedure, 1898",102,Persons in charge of closed place to allow search,10
crpc_section_103.txt,"Code of Criminal Procedure, 1898",103,Search to be made in presence of witnesses,16
crpc_section_104.txt,"Code of Criminal Procedure, 1898",104,"Power to impound document, etc",7
crpc_section_105.txt,"Code of Criminal Procedure, 1898",105,Magistrate may direct search in his presence,32
crpc_section_106.txt,"Code of Criminal Procedure, 1898",106,Security for keeping the peace on conviction,21
crpc_section_107.txt,"Code of Criminal Procedure, 1898",107,Security for keeping the peace in other cases,19
crpc_section_108.txt,"Code of Criminal Procedure, 1898",108,Security for good behaviour from persons disseminating seditious matter,10
crpc_section_109.txt,"Code of Criminal Procedure, 1898",109,Security for good behaviour from vagrants and suspected persons,10
crpc_section_110.txt,"Code of Criminal Procedure, 1898",110,Security for good behaviour from habitual offenders,8
crpc_section_111.txt,"Code of Criminal Procedure, 1898",111,[Repealed,2
crpc_section_112.txt,"Code of Criminal Procedure, 1898",112,Order to be made,5
crpc_section_113.txt,"Code of Criminal Procedure, 1898",113,Procedure in respect of person present in court,9
crpc_section_114.txt,"Code of Criminal Procedure, 1898",114,Summons or warrant in case of person not so present,11
crpc_section_115.txt,"Code of Criminal Procedure, 1898",115,Copy of order under section 112 to accompany summons or warrant,12
crpc_section_116.txt,"Code of Criminal Procedure, 1898",116,Power to dispense with personal attendance,7
crpc_section_117.txt,"Code of Criminal Procedure, 1898",117,Inquiry as to truth of information,7
crpc_section_118.txt,"Code of Criminal Procedure, 1898",118,Order to give security,5
crpc_section_119.txt,"Code of Criminal Procedure, 1898",119,Discharge of person informed against,16
crpc_section_120.txt,"Code of Criminal Procedure, 1898",120,Commencement of period for which security is required,9
crpc_section_121.txt,"Code of Criminal Procedure, 1898",121,Contents of bond,4
crpc_section_122.txt,"Code of Criminal Procedure, 1898",122,Power to reject sureties,5
crpc_section_123.txt,"Code of Criminal Procedure, 1898",123,Imprisonment in default of security,21
crpc_section_124.txt,"Code of Criminal Procedure, 1898",124,Power to release persons imprisoned for failing to give security,31
crpc_section_126.txt,"Code of Criminal Procedure, 1898",126,Discharge of sureties,4
crpc_section_126A.txt,"Code of Criminal Procedure, 1898",126A,Security for unexpired period of bond,11
crpc_section_127.txt,"Code of Criminal Procedure, 1898",127,Assembly to disperse on command of Magistrate or police­officer,10
crpc_section_128.txt,"Code of Criminal Procedure, 1898",128,Use of civil force to disperse,7
crpc_section_129.txt,"Code of Criminal Procedure, 1898",129,Use of military force,5
crpc_section_130.txt,"Code of Criminal Procedure, 1898",130,Duty of officer commanding troops required by Magistrate to disperse assembly,12
crpc_section_131.txt,"Code of Criminal Procedure, 1898",131,Power of commissioned military officers to disperse assembly,9
crpc_section_131A.txt,"Code of Criminal Procedure, 1898",131A,Power to use military force for public Security and maintenance of law and,15
crpc_section_132.txt,"Code of Criminal Procedure, 1898",132,Protection against prosecution for acts done under this chapter,10
crpc_section_132A.txt,"Code of Criminal Procedure, 1898",132A,Definitions,6
crpc_section_133.txt,"Code of Criminal Procedure, 1898",133,Conditional order for removal of nuisance,7
crpc_section_134.txt,"Code of Criminal Procedure, 1898",134,Service or notification of order,6
crpc_section_135.txt,"Code of Criminal Procedure, 1898",135,Person to whom order is addressed to obey or show cause or claim jury,15
crpc_section_136.txt,"Code of Criminal Procedure, 1898",136,Consequence of his failing to do so,8
crpc_section_137.txt,"Code of Criminal Procedure, 1898",137,Procedure where he appears to show cause,8
crpc_section_138.txt,"Code of Criminal Procedure, 1898",138,Procedure when he claims jury,6
crpc_section_139.txt,"Code of Criminal Procedure, 1898",139,Procedure where jury finds Magistrate's order to be reasonable,10
crpc_section_139A.txt,"Code of Criminal Procedure, 1898",139A,Procedure where existence of public right is denied,9
crpc_section_140.txt,"Code of Criminal Procedure, 1898",140,Procedure on order being made absolute,12
crpc_section_141.txt,"Code of Criminal Procedure, 1898",141,Procedure on failure to appoint jury or omission to return verdict,12
crpc_section_142.txt,"Code of Criminal Procedure, 1898",142,Injunction pending inquiry,4
crpc_section_143.txt,"Code of Criminal Procedure, 1898",143,Magistrate may prohibit repetition or continuance of public nuisance,22
crpc_section_144.txt,"Code of Criminal Procedure, 1898",144,Power to issue order absolute at once in urgent cases of nuisance or,23
crpc_section_145.txt,"Code of Criminal Procedure, 1898",145,"Procedure where dispute concerning land, etc, is likely to cause breach of",27
crpc_section_146.txt,"Code of Criminal Procedure, 1898",146,Power to attach subject of dispute,7
crpc_section_147.txt,"Code of Criminal Procedure, 1898",147,"Disputes concerning rights of use of immovable property, etc",10
crpc_section_148.txt,"Code of Criminal Procedure, 1898",148,Local inquiry,14
crpc_section_149.txt,"Code of Criminal Procedure, 1898",149,Police to prevent cognizable offences,6
crpc_section_150.txt,"Code of Criminal Procedure, 1898",150,Information of design to commit such offences,8
crpc_section_151.txt,"Code of Criminal Procedure, 1898",151,Arrest to prevent such offences,17
crpc_section_153.txt,"Code of Criminal Procedure, 1898",153,Inspection of weights and measures,19
crpc_section_154.txt,"Code of Criminal Procedure, 1898",154,Information in cognizable cases,5
crpc_section_155.txt,"Code of Criminal Procedure, 1898",155,Information in non­cognizable cases,9
crpc_section_156.txt,"Code of Criminal Procedure, 1898",156,Investigation into cognizable cases,5
crpc_section_156A.txt,"Code of Criminal Procedure, 1898",156A,"Investigation of offence under section 295C, Pakistan Penal Code",10
crpc_section_156B.txt,"Code of Criminal Procedure, 1898",156B,Investigation against a women accused of the offence of zina,11
crpc_section_157.txt,"Code of Criminal Procedure, 1898",157,Procedure where cognizable offence suspected,21
crpc_section_158.txt,"Code of Criminal Procedure, 1898",158,Reports under section 157 how submitted,7
crpc_section_159.txt,"Code of Criminal Procedure, 1898",159,Power to hold investigation or preliminary inquiry,8
crpc_section_160.txt,"Code of Criminal Procedure, 1898",160,Police­officer's power to require attendance of witnesses,8
crpc_section_161.txt,"Code of Criminal Procedure, 1898",161,Examination of witnesses by police,6
crpc_section_161A.txt,"Code of Criminal Procedure, 1898",161A,"Legal representation of victim of rape, etc",8
crpc_section_162.txt,"Code of Criminal Procedure, 1898",162,"Statement to police not to be signed, use of such statements in evidence",14
crpc_section_163.txt,"Code of Criminal Procedure, 1898",163,No inducement to be offered,6
crpc_section_164.txt,"Code of Criminal Procedure, 1898",164,Power to record statements and confessions,7
crpc_section_164A.txt,"Code of Criminal Procedure, 1898",164A,"Medical examination of victim of rape, etc",8
crpc_section_164B.txt,"Code of Criminal Procedure, 1898",164B,DNA test,3
crpc_section_165.txt,"Code of Criminal Procedure, 1898",165,Search by police­officer,4
crpc_section_166.txt,"Code of Criminal Procedure, 1898",166,When officer incharge of police station may require another to issue search,14
crpc_section_167.txt,"Code of Criminal Procedure, 1898",167,Procedure when investigation cannot be completed in twenty­four hours,10
crpc_section_168.txt,"Code of Criminal Procedure, 1898",168,Report of investigation by subordinate police­officer,7
crpc_section_169.txt,"Code of Criminal Procedure, 1898",169,Release of accused when evidence deficient,7
crpc_section_170.txt,"Code of Criminal Procedure, 1898",170,Case to be sent to magistrate when evidence is sufficient,11
crpc_section_171.txt,"Code of Criminal Procedure, 1898",171,Complaints and witnesses not to be required to accompany police­officer,29
crpc_section_172.txt,"Code of Criminal Procedure, 1898",172,Diary of proceedings in investigation,6
crpc_section_173.txt,"Code of Criminal Procedure, 1898",173,Report of police­officer,4
crpc_section_174.txt,"Code of Criminal Procedure, 1898",174,"Police to inquire and report on suicide, etc",9
crpc_section_175.txt,"Code of Criminal Procedure, 1898",175,Power to summon persons,5
crpc_section_176.txt,"Code of Criminal Procedure, 1898",176,Inquiry by magistrate into cause of death,35
crpc_section_177.txt,"Code of Criminal Procedure, 1898",177,Ordinary place of inquiry and trial,23
crpc_section_179.txt,"Code of Criminal Procedure, 1898",179,Accused triable in district where act is done or where consequence ensues,28
crpc_section_181.txt,"Code of Criminal Procedure, 1898",181,"Being a thug or belonging to a gang of dacoits, escape from custody, etc",26
crpc_section_182.txt,"Code of Criminal Procedure, 1898",182,Place of inquiry or trial where scene of offence is uncertain or not in one district,28
crpc_section_183.txt,"Code of Criminal Procedure, 1898",183,Offence committed on a journey,6
crpc_section_184.txt,"Code of Criminal Procedure, 1898",184,[Repealed,2
crpc_section_185.txt,"Code of Criminal Procedure, 1898",185,"High Court to decide, in case of doubt, district where inquiry or trial shall take",17
crpc_section_186.txt,"Code of Criminal Procedure, 1898",186,Power to issue summons or warrant for offence committed beyond local,17
crpc_section_187.txt,"Code of Criminal Procedure, 1898",187,Procedure where warrant issued by subordinate Magistrate,8
crpc_section_188.txt,"Code of Criminal Procedure, 1898",188,Liability for offences committed outside Pakistan,16
crpc_section_189.txt,"Code of Criminal Procedure, 1898",189,Power to direct copies of depositions and exhibits to be received in evidence,20
crpc_section_190.txt,"Code of Criminal Procedure, 1898",190,Cognizance of offences by Magistrates,6
crpc_section_191.txt,"Code of Criminal Procedure, 1898",191,Transfer or commitment on application of accused,8
crpc_section_192.txt,"Code of Criminal Procedure, 1898",192,Transfer of cases by Magistrates,6
crpc_section_193.txt,"Code of Criminal Procedure, 1898",193,Cognizance of offences by Courts of Session,8
crpc_section_194.txt,"Code of Criminal Procedure, 1898",194,Cognizance of offences by High Court,7
crpc_section_195.txt,"Code of Criminal Procedure, 1898",195,Prosecution for contempt of lawful authority of public servants,27
crpc_section_196.txt,"Code of Criminal Procedure, 1898",196,Prosecution for offences against the state,7
crpc_section_196A.txt,"Code of Criminal Procedure, 1898",196A,Prosecution for certain classes of criminal conspiracy,8
crpc_section_196B.txt,"Code of Criminal Procedure, 1898",196B,Preliminary inquiry in certain cases,6
crpc_section_197.txt,"Code of Criminal Procedure, 1898",197,Prosecution of judges and public servants,15
crpc_section_198.txt,"Code of Criminal Procedure, 1898",198,"Prosecution for breach of contract, defamation and offences against marriage",11
crpc_section_198A.txt,"Code of Criminal Procedure, 1898",198A,Prosecution for defamation against public servants in respect of their conduct in,18
crpc_section_199.txt,"Code of Criminal Procedure, 1898",199,Prosecution for adultery or enticing a married woman,9
crpc_section_199A.txt,"Code of Criminal Procedure, 1898",199A,Objection by lawful guardian to complaint by person other than person,13
crpc_section_199B.txt,"Code of Criminal Procedure, 1898",199B,Form of authorisation under second proviso to section 198 or 199,18
crpc_section_200.txt,"Code of Criminal Procedure, 1898",200,Examination of complainant,4
crpc_section_201.txt,"Code of Criminal Procedure, 1898",201,Procedure by Magistrate not competent to take cognizance of the case,12
crpc_section_202.txt,"Code of Criminal Procedure, 1898",202,Postponement of issue of process,6
crpc_section_203.txt,"Code of Criminal Procedure, 1898",203,Dismissal of complaints,21
crpc_section_205.txt,"Code of Criminal Procedure, 1898",205,Magistrate may dispense with personal attendance of accused,20
crpc_section_221.txt,"Code of Criminal Procedure, 1898",221,Charge to state offence,33
crpc_section_222.txt,"Code of Criminal Procedure, 1898",222,"Particulars as to time, place and person",8
crpc_section_223.txt,"Code of Criminal Procedure, 1898",223,When manner of committing offence must be stated,9
crpc_section_224.txt,"Code of Criminal Procedure, 1898",224,Words in charge taken in sense of law under which offence is punishable,14
crpc_section_225.txt,"Code of Criminal Procedure, 1898",225,Effect of errors,4
crpc_section_226.txt,"Code of Criminal Procedure, 1898",226,[Omitted,2
crpc_section_227.txt,"Code of Criminal Procedure, 1898",227,Court may alter charge,5
crpc_section_228.txt,"Code of Criminal Procedure, 1898",228,When trial may proceed immediately after alteration,8
crpc_section_229.txt,"Code of Criminal Procedure, 1898",229,"When new trial may be directed, or trial suspended",10
crpc_section_230.txt,"Code of Criminal Procedure, 1898",230,Stay of proceedings if prosecution of offence in altered charge require previous,14
crpc_section_231.txt,"Code of Criminal Procedure, 1898",231,Recall of witnesses which charge altered,7
crpc_section_232.txt,"Code of Criminal Procedure, 1898",232,Effect of material error,8
crpc_section_233.txt,"Code of Criminal Procedure, 1898",233,Separate charged for distinct offences,6
crpc_section_234.txt,"Code of Criminal Procedure, 1898",234,Three offences of same kind within year may be charged together,12
crpc_section_235.txt,"Code of Criminal Procedure, 1898",235,Trial for more than one offence,23
crpc_section_236.txt,"Code of Criminal Procedure, 1898",236,When it is doubtful what offence has been committed,10
crpc_section_237.txt,"Code of Criminal Procedure, 1898",237,"When a person is charged with one offence, he can be convicted of another",15
crpc_section_238.txt,"Code of Criminal Procedure, 1898",238,When offence proved included in offence charged,8
crpc_section_239.txt,"Code of Criminal Procedure, 1898",239,What persons may be charged jointly,7
crpc_section_241.txt,"Code of Criminal Procedure, 1898",241,Procedure in trial of cases,6
crpc_section_241A.txt,"Code of Criminal Procedure, 1898",241A,Supply of statements and documents to the accused,9
crpc_section_242.txt,"Code of Criminal Procedure, 1898",242,Charge to be framed,5
crpc_section_243.txt,"Code of Criminal Procedure, 1898",243,Conviction on admission of truth of accusation,8
crpc_section_244.txt,"Code of Criminal Procedure, 1898",244,Procedure when no such admission is made,8
crpc_section_244A.txt,"Code of Criminal Procedure, 1898",244A,Statement made under section 164,6
crpc_section_245.txt,"Code of Criminal Procedure, 1898",245,Acquittal,3
crpc_section_245A.txt,"Code of Criminal Procedure, 1898",245A,Procedure in cases of previous convictions,7
crpc_section_246.txt,"Code of Criminal Procedure, 1898",246,[Omitted,2
crpc_section_247.txt,"Code of Criminal Procedure, 1898",247,Non­appearance of complainant,12
crpc_section_249.txt,"Code of Criminal Procedure, 1898",249,Power to stop proceeding when no complaint,8
crpc_section_249A.txt,"Code of Criminal Procedure, 1898",249A,Power of magistrate to acquit accused at any stage,17
crpc_section_250.txt,"Code of Criminal Procedure, 1898",250,"False, frivolous or vexatious accusations",14
crpc_section_260.txt,"Code of Criminal Procedure, 1898",260,Power to try summarily,5
crpc_section_261.txt,"Code of Criminal Procedure, 1898",261,Power to invest Bench of Magistrates invested with less powers,11
crpc_section_262.txt,"Code of Criminal Procedure, 1898",262,Procedure prescribed in Chapter XX applicable,10
crpc_section_263.txt,"Code of Criminal Procedure, 1898",263,Record in cases where there is no appeal,9
crpc_section_264.txt,"Code of Criminal Procedure, 1898",264,Record in appealable cases,5
crpc_section_265.txt,"Code of Criminal Procedure, 1898",265,Language of record and judgment,23
crpc_section_265A.txt,"Code of Criminal Procedure, 1898",265A,Trials before Court of Session to by conducted by Public Prosecutor,12
crpc_section_265B.txt,"Code of Criminal Procedure, 1898",265B,Procedure in cases triable by High Courts and Courts of Session,12
crpc_section_265C.txt,"Code of Criminal Procedure, 1898",265C,Supply of Statements and documents to the accused,9
crpc_section_265D.txt,"Code of Criminal Procedure, 1898",265D,When charge to be framed,6
crpc_section_265E.txt,"Code of Criminal Procedure, 1898",265E,Plea,2
crpc_section_265F.txt,"Code of Criminal Procedure, 1898",265F,Evidence for prosecution,4
crpc_section_265G.txt,"Code of Criminal Procedure, 1898",265G,Summoning up by prosecutor and defence,7
crpc_section_265H.txt,"Code of Criminal Procedure, 1898",265H,Acquittal or conviction,4
crpc_section_265I.txt,"Code of Criminal Procedure, 1898",265I,Procedure in case of previous conviction,7
crpc_section_265J.txt,"Code of Criminal Procedure, 1898",265J,Statement under section 164 admissible,6
crpc_section_265K.txt,"Code of Criminal Procedure, 1898",265K,Power of Court to acquit accused at any stage,10
crpc_section_265L.txt,"Code of Criminal Procedure, 1898",265L,Power of Advocate General to stay prosecution,8
crpc_section_265M.txt,"Code of Criminal Procedure, 1898",265M,Time of holding sittings,5
crpc_section_265N.txt,"Code of Criminal Procedure, 1898",265N,Place of holding sittings,19
crpc_section_337.txt,"Code of Criminal Procedure, 1898",337,Tender of pardon to accomplice,6
crpc_section_338.txt,"Code of Criminal Procedure, 1898",338,Power to grant or tender of pardon,8
crpc_section_339.txt,"Code of Criminal Procedure, 1898",339,Commitment of person to whom pardon has been tendered,10
crpc_section_339A.txt,"Code of Criminal Procedure, 1898",339A,Procedure in trial of person under section 339,9
crpc_section_340.txt,"Code of Criminal Procedure, 1898",340,Right of person against whom proceedings are instituted to be defended and his,19
crpc_section_341.txt,"Code of Criminal Procedure, 1898",341,Procedure where accused does not understand proceedings,8
crpc_section_342.txt,"Code of Criminal Procedure, 1898",342,Power to examine the accused,19
crpc_section_344.txt,"Code of Criminal Procedure, 1898",344,Power to postpone or adjourn proceedings,12
crpc_section_344A.txt,"Code of Criminal Procedure, 1898",344A,Conclusion of trial,4
crpc_section_345.txt,"Code of Criminal Procedure, 1898",345,Compounding offences,3
crpc_section_346.txt,"Code of Criminal Procedure, 1898",346,Procedure of magistrate in cases which he cannot dispose of,11
crpc_section_347.txt,"Code of Criminal Procedure, 1898",347,"Procedure when after commencement of trial, Magistrate finds case should be",20
crpc_section_348.txt,"Code of Criminal Procedure, 1898",348,"Trial of persons previously convicted of offences against coinage, stamp­law or",13
crpc_section_349.txt,"Code of Criminal Procedure, 1898",349,Procedure when magistrate cannot pass sentence sufficiently severe,9
crpc_section_350.txt,"Code of Criminal Procedure, 1898",350,Conviction or evidence partly recorded by one presiding officer and partly by,14
crpc_section_350A.txt,"Code of Criminal Procedure, 1898",350A,Changes in constitution of Benches,6
crpc_section_351.txt,"Code of Criminal Procedure, 1898",351,Detention of offenders attending Court,6
crpc_section_352.txt,"Code of Criminal Procedure, 1898",352,Courts to be open,19
crpc_section_353.txt,"Code of Criminal Procedure, 1898",353,Evidence to be taken in presence of accused,9
crpc_section_354.txt,"Code of Criminal Procedure, 1898",354,Manner of recording evidence,5
crpc_section_355.txt,"Code of Criminal Procedure, 1898",355,Record in trials of certain cases by first and second class Magistrates,34
crpc_section_357.txt,"Code of Criminal Procedure, 1898",357,Language of record of evidence,6
crpc_section_358.txt,"Code of Criminal Procedure, 1898",358,Option to Magistrate in cases under section 355,9
crpc_section_359.txt,"Code of Criminal Procedure, 1898",359,Mode of recording evidence under section 356 or section 357,11
crpc_section_360.txt,"Code of Criminal Procedure, 1898",360,Procedure in regard to such evidence when completed,9
crpc_section_361.txt,"Code of Criminal Procedure, 1898",361,Interpretation of evidence to accused or his pleader,9
crpc_section_362.txt,"Code of Criminal Procedure, 1898",362,[Omitted,2
crpc_section_363.txt,"Code of Criminal Procedure, 1898",363,Remarks respecting demeanour of witness,6
crpc_section_364.txt,"Code of Criminal Procedure, 1898",364,Examination of accused how recorded,6
crpc_section_365.txt,"Code of Criminal Procedure, 1898",365,Record of evidence in High Court,12
crpc_section_366.txt,"Code of Criminal Procedure, 1898",366,Mode of delivering judgment,5
crpc_section_367.txt,"Code of Criminal Procedure, 1898",367,Language of judgment,10
crpc_section_368.txt,"Code of Criminal Procedure, 1898",368,Sentence of death,4
crpc_section_369.txt,"Code of Criminal Procedure, 1898",369,Court not to alter judgment,6
crpc_section_370.txt,"Code of Criminal Procedure, 1898",370,[Omitted,2
crpc_section_371.txt,"Code of Criminal Procedure, 1898",371,"Copy of judgment, etc, to be given to accused",16
crpc_section_372.txt,"Code of Criminal Procedure, 1898",372,Judgment when to be translated,6
crpc_section_373.txt,"Code of Criminal Procedure, 1898",373,Court of Session to send copy of finding and sentence to District Magistrate,27
crpc_section_374.txt,"Code of Criminal Procedure, 1898",374,Sentence of death to be submitted by Court of Session,11
crpc_section_375.txt,"Code of Criminal Procedure, 1898",375,Power to direct further inquiry to be made or additional evidence to be taken,15
crpc_section_376.txt,"Code of Criminal Procedure, 1898",376,Power to High Court to confirm sentence or annul conviction,11
crpc_section_377.txt,"Code of Criminal Procedure, 1898",377,Confirmation of new sentence to be signed by two judges,11
crpc_section_378.txt,"Code of Criminal Procedure, 1898",378,Procedure in case of difference of opinion,8
crpc_section_379.txt,"Code of Criminal Procedure, 1898",379,Procedure in cases submitted to High Court for confirmation,10
crpc_section_380.txt,"Code of Criminal Procedure, 1898",380,Procedure in cases submitted by Magistrate not empowered to act under section,18
crpc_section_381.txt,"Code of Criminal Procedure, 1898",381,Execution of order passed under section 376,8
crpc_section_382.txt,"Code of Criminal Procedure, 1898",382,Postponement of capital sentence on pregnant woman,8
crpc_section_382A.txt,"Code of Criminal Procedure, 1898",382A,Postponement of execution of sentences of imprisonment under section 476 or,20
crpc_section_382B.txt,"Code of Criminal Procedure, 1898",382B,Period of detention to be considered while awarding sentence of imprisonment,12
crpc_section_382C.txt,"Code of Criminal Procedure, 1898",382C,Scandalous or false and frivolous pleas to be considered in passing sentence,13
crpc_section_383.txt,"Code of Criminal Procedure, 1898",383,Execution of sentences of imprisonment for life or imprisonment in other cases,13
crpc_section_384.txt,"Code of Criminal Procedure, 1898",384,Direction of warrant for execution,6
crpc_section_385.txt,"Code of Criminal Procedure, 1898",385,Warrant with whom to be lodged,7
crpc_section_386.txt,"Code of Criminal Procedure, 1898",386,Warrant for levy of fine,6
crpc_section_387.txt,"Code of Criminal Procedure, 1898",387,Effect of such warrant,5
crpc_section_388.txt,"Code of Criminal Procedure, 1898",388,Suspension of execution of sentence of imprisonment,8
crpc_section_389.txt,"Code of Criminal Procedure, 1898",389,Who may issue warrant,5
crpc_section_390.txt,"Code of Criminal Procedure, 1898",390,Execution of sentence of whipping only,7
crpc_section_391.txt,"Code of Criminal Procedure, 1898",391,"Execution of sentence of whipping, in addition to imprisonment",10
crpc_section_392.txt,"Code of Criminal Procedure, 1898",392,Mode of inflicting punishment,10
crpc_section_393.txt,"Code of Criminal Procedure, 1898",393,Not to be executed by instalments,8
crpc_section_394.txt,"Code of Criminal Procedure, 1898",394,Whipping not to be inflicted if offender not in fit state of health,17
crpc_section_395.txt,"Code of Criminal Procedure, 1898",395,Procedure if punishment cannot be inflicted under section 394,10
crpc_section_396.txt,"Code of Criminal Procedure, 1898",396,Execution of sentence on escaped convicts,7
crpc_section_397.txt,"Code of Criminal Procedure, 1898",397,Sentence on offender already sentenced for another offence,9
crpc_section_398.txt,"Code of Criminal Procedure, 1898",398,Saving as to sections 396 and 397,8
crpc_section_399.txt,"Code of Criminal Procedure, 1898",399,Confinement of youthful offenders in reformatories,7
crpc_section_400.txt,"Code of Criminal Procedure, 1898",400,Return of warrant on execution of sentence,17
crpc_section_401.txt,"Code of Criminal Procedure, 1898",401,Power to suspend or remit sentences,7
crpc_section_402.txt,"Code of Criminal Procedure, 1898",402,Power to commute punishment,5
crpc_section_402A.txt,"Code of Criminal Procedure, 1898",402A,Sentence of death,4
crpc_section_402B.txt,"Code of Criminal Procedure, 1898",402B,Certain restrictions on the exercise of powers by Provincial Government,18
crpc_section_403.txt,"Code of Criminal Procedure, 1898",403,Person once convicted or acquitted not to be tried for same offence,28
crpc_section_404.txt,"Code of Criminal Procedure, 1898",404,"Unless otherwise provided, no appeal to lie",8
crpc_section_405.txt,"Code of Criminal Procedure, 1898",405,Appeal from order rejecting application for restoration of attached property,11
crpc_section_406.txt,"Code of Criminal Procedure, 1898",406,Appeal from order requiring security for keeping the peace or for good,14
crpc_section_406A.txt,"Code of Criminal Procedure, 1898",406A,Appeal from order refusing to accept or rejecting a surety,11
crpc_section_407.txt,"Code of Criminal Procedure, 1898",407,Appeal from sentence of Magistrate of the second or third class,19
crpc_section_408.txt,"Code of Criminal Procedure, 1898",408,Appeal from sentence of Assistant Sessions Judge or Magistrate of the first,14
crpc_section_409.txt,"Code of Criminal Procedure, 1898",409,Appeals to Court of Session how heard,8
crpc_section_410.txt,"Code of Criminal Procedure, 1898",410,Appeal from sentence of Court of Session,8
crpc_section_411.txt,"Code of Criminal Procedure, 1898",411,[Omitted,2
crpc_section_411A.txt,"Code of Criminal Procedure, 1898",411A,Appeal from sentence of High Court,7
crpc_section_412.txt,"Code of Criminal Procedure, 1898",412,No appeal in certain cases when accused pleads guilty,10
crpc_section_413.txt,"Code of Criminal Procedure, 1898",413,No appeal in petty cases,6
crpc_section_414.txt,"Code of Criminal Procedure, 1898",414,No appeal from certain summary convictions,7
crpc_section_415.txt,"Code of Criminal Procedure, 1898",415,Proviso to sections 413 and 414,7
crpc_section_415A.txt,"Code of Criminal Procedure, 1898",415A,Special right of appeal in certain cases,8
crpc_section_416.txt,"Code of Criminal Procedure, 1898",416,[Repealed,2
crpc_section_417.txt,"Code of Criminal Procedure, 1898",417,Appeal in case of acquittal,6
crpc_section_418.txt,"Code of Criminal Procedure, 1898",418,Appeal on what matters admissible,6
crpc_section_419.txt,"Code of Criminal Procedure, 1898",419,Petition of appeal,4
crpc_section_420.txt,"Code of Criminal Procedure, 1898",420,Procedure when appellant in jail,6
crpc_section_421.txt,"Code of Criminal Procedure, 1898",421,Summary dismissal of appeal,5
crpc_section_422.txt,"Code of Criminal Procedure, 1898",422,Notice of appeal,4
crpc_section_423.txt,"Code of Criminal Procedure, 1898",423,Powers of Appellate Court in disposing of appeal,9
crpc_section_424.txt,"Code of Criminal Procedure, 1898",424,Judgments of subordinate Appellate Courts,6
crpc_section_425.txt,"Code of Criminal Procedure, 1898",425,Order by High Court on appeal to be certified to lower Court,13
crpc_section_426.txt,"Code of Criminal Procedure, 1898",426,Suspension of sentence pending appeals,11
crpc_section_427.txt,"Code of Criminal Procedure, 1898",427,Arrest of accused in appeal from acquittal,8
crpc_section_428.txt,"Code of Criminal Procedure, 1898",428,Appeallate court may take further evidence or direct it to be taken,13
crpc_section_429.txt,"Code of Criminal Procedure, 1898",429,Procedure where judges of Court of Appeal are equally divided,11
crpc_section_430.txt,"Code of Criminal Procedure, 1898",430,Finality of orders on appeal,6
crpc_section_431.txt,"Code of Criminal Procedure, 1898",431,Abatement of appeals,12
crpc_section_435.txt,"Code of Criminal Procedure, 1898",435,Power to call for records of inferior Courts,9
crpc_section_436.txt,"Code of Criminal Procedure, 1898",436,Power to order inquiry,5
crpc_section_437.txt,"Code of Criminal Procedure, 1898",437,[Omitted,2
crpc_section_438.txt,"Code of Criminal Procedure, 1898",438,Report to High Court,15
crpc_section_439A.txt,"Code of Criminal Procedure, 1898",439A,Sessions Judge's powers of revision,6
crpc_section_440.txt,"Code of Criminal Procedure, 1898",440,Optional with Court to hear parties,7
crpc_section_441.txt,"Code of Criminal Procedure, 1898",441,[Omitted,2
crpc_section_442.txt,"Code of Criminal Procedure, 1898",442,High Court's order to be certified to lower Court or Magistrate,22
crpc_section_464.txt,"Code of Criminal Procedure, 1898",464,Procedure in case of accused being lunatic,8
crpc_section_465.txt,"Code of Criminal Procedure, 1898",465,Procedure in case of person sent for trial Court of Session or High Court being,17
crpc_section_466.txt,"Code of Criminal Procedure, 1898",466,Release of lunatic pending investigation or trial,11
crpc_section_467.txt,"Code of Criminal Procedure, 1898",467,Resumption of inquiry or trial,6
crpc_section_468.txt,"Code of Criminal Procedure, 1898",468,Procedure on accused appearing before Magistrate or Court,9
crpc_section_469.txt,"Code of Criminal Procedure, 1898",469,When accused appears to have been insane,8
crpc_section_470.txt,"Code of Criminal Procedure, 1898",470,Judgment of acquittal on ground of lunacy,8
crpc_section_471.txt,"Code of Criminal Procedure, 1898",471,Person acquitted on such ground to be detained in safe custody,23
crpc_section_472.txt,"Code of Criminal Procedure, 1898",472,[Repealed,2
crpc_section_473.txt,"Code of Criminal Procedure, 1898",473,Procedure where lunatic prisoner is reported capable of making his defence,12
crpc_section_474.txt,"Code of Criminal Procedure, 1898",474,Procedure where lunatic detained under section 466 or 471 is declared fit to be,16
crpc_section_475.txt,"Code of Criminal Procedure, 1898",475,Delivery of lunatic to care of relative or friend,23
crpc_section_476.txt,"Code of Criminal Procedure, 1898",476,Procedure in cases mentioned in section 195,8
crpc_section_476A.txt,"Code of Criminal Procedure, 1898",476A,Forwarding of cases for trial by Courts having jurisdiction,10
crpc_section_476B.txt,"Code of Criminal Procedure, 1898",476B,[Omitted,2
crpc_section_477.txt,"Code of Criminal Procedure, 1898",477,[Repealed,2
crpc_section_478.txt,"Code of Criminal Procedure, 1898",478,[Omitted,2
crpc_section_479.txt,"Code of Criminal Procedure, 1898",479,[Omitted,2
crpc_section_480.txt,"Code of Criminal Procedure, 1898",480,Procedure in certain cases of contempt,7
crpc_section_481.txt,"Code of Criminal Procedure, 1898",481,Record in such cases,5
crpc_section_482.txt,"Code of Criminal Procedure, 1898",482,Procedure where Court considers that case should not be dealt with under,15
crpc_section_483.txt,"Code of Criminal Procedure, 1898",483,When Registrar or Sub­Registrar to be deemed a Civil Court within sections 480,16
crpc_section_484.txt,"Code of Criminal Procedure, 1898",484,Discharge of offender on submission of apology,8
crpc_section_485.txt,"Code of Criminal Procedure, 1898",485,Imprisonment or committal of person refusing to answer or produce document,12
crpc_section_486.txt,"Code of Criminal Procedure, 1898",486,Appeals from convictions in contempt cases,7
crpc_section_487.txt,"Code of Criminal Procedure, 1898",487,Certain Judges and Magistrates not to try offences referred to in section 195,35
crpc_section_491.txt,"Code of Criminal Procedure, 1898",491,Power to issue directions of the nature of a habeas carpus,12
crpc_section_491A.txt,"Code of Criminal Procedure, 1898",491A,[Omitted,12
crpc_section_492.txt,"Code of Criminal Procedure, 1898",492,Power to appoint Public Prosecutors,6
crpc_section_493.txt,"Code of Criminal Procedure, 1898",493,Public Prosecutor may plead in all Courts in cases under his charge,21
crpc_section_494.txt,"Code of Criminal Procedure, 1898",494,Effect of withdrawal from prosecution,6
crpc_section_495.txt,"Code of Criminal Procedure, 1898",495,Permission to conduct prosecution,9
crpc_section_496.txt,"Code of Criminal Procedure, 1898",496,In what cases bail to be taken,8
crpc_section_497.txt,"Code of Criminal Procedure, 1898",497,When bail may be taken in case of non­bailable offence,11
crpc_section_498.txt,"Code of Criminal Procedure, 1898",498,Power to direct admission to bail or reduction of bail,11
crpc_section_498A.txt,"Code of Criminal Procedure, 1898",498A,"No bail to be granted to a person not in custody, in court or against whom no",22
crpc_section_499.txt,"Code of Criminal Procedure, 1898",499,Bond of accused and sureties,6
crpc_section_500.txt,"Code of Criminal Procedure, 1898",500,Discharge from custody,4
crpc_section_501.txt,"Code of Criminal Procedure, 1898",501,Power to order sufficient bail when that first taken is insufficient,12
crpc_section_502.txt,"Code of Criminal Procedure, 1898",502,Discharge of sureties,13
crpc_section_503.txt,"Code of Criminal Procedure, 1898",503,When attendance of witness may be dispensed with,9
crpc_section_504.txt,"Code of Criminal Procedure, 1898",504,[Omitted,2
crpc_section_505.txt,"Code of Criminal Procedure, 1898",505,Parties may examine witnesses,5
crpc_section_506.txt,"Code of Criminal Procedure, 1898",506,Power of Magistrate to apply for issue of commission,10
crpc_section_507.txt,"Code of Criminal Procedure, 1898",507,Return of commission,4
crpc_section_508.txt,"Code of Criminal Procedure, 1898",508,Adjournment of inquiry or trial,6
crpc_section_508A.txt,"Code of Criminal Procedure, 1898",508A,Application of this Chapter to Commissions issued in Burma,16
crpc_section_509.txt,"Code of Criminal Procedure, 1898",509,Deposition of medical witness,10
crpc_section_510.txt,"Code of Criminal Procedure, 1898",510,"Report of Chemical Examiner, Serologist, etc",7
crpc_section_511.txt,"Code of Criminal Procedure, 1898",511,Previous conviction or acquittal how proved,7
crpc_section_512.txt,"Code of Criminal Procedure, 1898",512,Record of evidence in absence of accused,20
crpc_section_513.txt,"Code of Criminal Procedure, 1898",513,Deposit instead of recognizance,5
crpc_section_514.txt,"Code of Criminal Procedure, 1898",514,Procedure on forfeiture of bond,6
crpc_section_514A.txt,"Code of Criminal Procedure, 1898",514A,Procedure in case of insolvency or death of surety or when a bond is forfeited,16
crpc_section_514B.txt,"Code of Criminal Procedure, 1898",514B,Bond required from a minor,6
crpc_section_515.txt,"Code of Criminal Procedure, 1898",515,"Appeal from, and revision of, orders under section 514",32
crpc_section_516A.txt,"Code of Criminal Procedure, 1898",516A,Order for custody and disposal of property pending trial in certain cases,13
crpc_section_517.txt,"Code of Criminal Procedure, 1898",517,Order for disposal of property regarding which offence committed,10
crpc_section_518.txt,"Code of Criminal Procedure, 1898",518,Order may take form of reference to District or Sub­divisional Magistrate,12
crpc_section_519.txt,"Code of Criminal Procedure, 1898",519,Payment to innocent purchaser of money found on accused,10
crpc_section_520.txt,"Code of Criminal Procedure, 1898",520,"Stay of order under section 517, 518 or 519",10
crpc_section_521.txt,"Code of Criminal Procedure, 1898",521,Destruction of libellous and other matter,7
crpc_section_522.txt,"Code of Criminal Procedure, 1898",522,Power to restore possession of immovable property,8
crpc_section_522A.txt,"Code of Criminal Procedure, 1898",522A,Power to restore possession of movable property,8
crpc_section_523.txt,"Code of Criminal Procedure, 1898",523,Procedure by police upon seizure of property taken under section 51 or stolen,21
crpc_section_524.txt,"Code of Criminal Procedure, 1898",524,Procedure where no claimant appears within six months,9
crpc_section_525.txt,"Code of Criminal Procedure, 1898",525,Power to sell perishable property,14
crpc_section_526.txt,"Code of Criminal Procedure, 1898",526,High Court may transfer case or itself try it,25
crpc_section_526A.txt,"Code of Criminal Procedure, 1898",526A,[Omitted,2
crpc_section_527.txt,"Code of Criminal Procedure, 1898",527,Power of Provincial Government to transfer cases and appeals,10
crpc_section_528.txt,"Code of Criminal Procedure, 1898",528,Sessions Judge may withdraw cases from Assistant Sessions Judge,19
crpc_section_529.txt,"Code of Criminal Procedure, 1898",529,Irregularities which do not vitiate proceedings,7
crpc_section_530.txt,"Code of Criminal Procedure, 1898",530,Irregularities which vitiate proceedings,5
crpc_section_531.txt,"Code of Criminal Procedure, 1898",531,Proceedings in wrong place,5
crpc_section_532.txt,"Code of Criminal Procedure, 1898",532,[Omitted,2
crpc_section_533.txt,"Code of Criminal Procedure, 1898",533,Non­compliance with provisions of section 164 or 364,9
crpc_section_534.txt,"Code of Criminal Procedure, 1898",534,[Omitted,2
crpc_section_535.txt,"Code of Criminal Procedure, 1898",535,Effect of omission to prepare charge,7
crpc_section_536.txt,"Code of Criminal Procedure, 1898",536,[Omitted,2
crpc_section_537.txt,"Code of Criminal Procedure, 1898",537,Finding or sentence when reversible by reason of error or omission in charge or,17
crpc_section_538.txt,"Code of Criminal Procedure, 1898",538,"Attachment not illegal, person making same not trespasser for defect or want of",20
crpc_section_539.txt,"Code of Criminal Procedure, 1898",539,Courts and persons before whom affidavits may be sworn,10
crpc_section_539A.txt,"Code of Criminal Procedure, 1898",539A,Affidavit in proof of conduct of public servant,9
crpc_section_539B.txt,"Code of Criminal Procedure, 1898",539B,Local inspection,3
crpc_section_540.txt,"Code of Criminal Procedure, 1898",540,Power to summon material witness or examine person present,10
crpc_section_540A.txt,"Code of Criminal Procedure, 1898",540A,Provision for inquiries and trial being held in the absence of accused in certain,16
crpc_section_541.txt,"Code of Criminal Procedure, 1898",541,Power to appoint place of imprisonment,34
crpc_section_542.txt,"Code of Criminal Procedure, 1898",542,[Repealed,2
crpc_section_543.txt,"Code of Criminal Procedure, 1898",543,Interpreter to be bound to interpret truthfully,8
crpc_section_544.txt,"Code of Criminal Procedure, 1898",544,Expenses of complainants and witnesses,6
crpc_section_544A.txt,"Code of Criminal Procedure, 1898",544A,"Compensation to the heirs to the person killed, etc",10
crpc_section_545.txt,"Code of Criminal Procedure, 1898",545,Power of Court to pay expenses of compensation out of fine,12
crpc_section_546.txt,"Code of Criminal Procedure, 1898",546,Payments to be taken into account in subsequent suit,10
crpc_section_546A.txt,"Code of Criminal Procedure, 1898",546A,Order of payment of certain fees paid by complainant in non­cognizable cases,13
crpc_section_547.txt,"Code of Criminal Procedure, 1898",547,Moneys ordered to be paid recoverable as fines,9
crpc_section_548.txt,"Code of Criminal Procedure, 1898",548,Copies of proceedings,4
crpc_section_549.txt,"Code of Criminal Procedure, 1898",549,Delivery to military authorities of persons liable to be tried by Court­martial,17
crpc_section_550.txt,"Code of Criminal Procedure, 1898",550,Powers to police to seize property suspected to be stolen,11
crpc_section_551.txt,"Code of Criminal Procedure, 1898",551,Powers of superior officers of police,7
crpc_section_552.txt,"Code of Criminal Procedure, 1898",552,Powers to compel restoration of abducted females,8
crpc_section_553.txt,"Code of Criminal Procedure, 1898",553,[Repealed,2
crpc_section_554.txt,"Code of Criminal Procedure, 1898",554,Power of High Courts to make rules for inspection of records of subordinate,25
crpc_section_555.txt,"Code of Criminal Procedure, 1898",555,Forms,2
crpc_section_556.txt,"Code of Criminal Procedure, 1898",556,Case in which Judge or Magistrate is personally interested,10
crpc_section_557.txt,"Code of Criminal Procedure, 1898",557,Practising pleader not to sit as Magistrate in certain Courts,11
crpc_section_558.txt,"Code of Criminal Procedure, 1898",558,Power to decide language of Courts,7
crpc_section_559.txt,"Code of Criminal Procedure, 1898",559,Provision for powers of Judges and Magistrates being exercised by their,15
crpc_section_560.txt,"Code of Criminal Procedure, 1898",560,Officers concerned in sales not to purchase or bid for property,12
crpc_section_561.txt,"Code of Criminal Procedure, 1898",561,[Repealed,2
crpc_section_561A.txt,"Code of Criminal Procedure, 1898",561A,Saving of inherent power of High Court,10
crpc_section_562.txt,"Code of Criminal Procedure, 1898",562,Powers of Court to release certain convicted offenders on probation of good,24
crpc_section_563.txt,"Code of Criminal Procedure, 1898",563,Provision in case of offender failing to observe conditions of his recognizances,13
crpc_section_564.txt,"Code of Criminal Procedure, 1898",564,Conditions as to abode of offender,10
crpc_section_565.txt,"Code of Criminal Procedure, 1898",565,Order for notifying address of previously convicted offender,212
crpc_section_1.txt,"Code of Criminal Procedure, 1898",1,In the Punjab 26­12­1975,5
crpc_section_2.txt,"Code of Criminal Procedure, 1898",2,In N,7
crpc_section_3.txt,"Code of Criminal Procedure, 1898",3,In Sind 24­12­1975,4
crpc_section_4.txt,"Code of Criminal Procedure, 1898",4,"In Quetta Town, Cantonment Areas and Nasirabad Distt",146
crpc_section_76.txt,"Code of Criminal Procedure, 1898",76,4[86A,222
crpc_section_108.txt,"Code of Criminal Procedure, 1898",108,"(3ac) Power to require security for good behaviour, Section 109",97
crpc_section_349.txt,"Code of Criminal Procedure, 1898",349,Powers with which a Magistrate of the second class may be invested by the Provincial Government,179
